Name,Date,Duration,Title
sterling,2025-09-07,3.5,Like a Bard Outta Hell  3.5 hrs
Gammon,2025-09-05,,AD&D2ePbP Lords of Darkness Wk08; 1HR
Varvatos,2025-09-02,3,Out of the Abyss (Session Sixty-Nine
Varvatos,2025-09-09,3,Out of the Abyss (Session Seventy
Varvatos,2025-09-01,5,DDAL-09-08 (In the Garden of Evil
DigitalMatt,2025-09-11,2,FR-DC-MELB-01-07 Secrets In the Deep
sterling,2025-09-13,3,Ad Astra: The Highest Bidder 3hrs
divot,2025-09-15,2,Chronicles of Xandari: Tussle at Tide Pool Tavern part 1
Varvatos,2025-09-16,3,Out of the Abyss (Session Seventy-One
Gammon,2025-09-12,,AD&D2ePbP Lords of Darkness Wk09; 1HR
sterling,2025-09-19,3,"Ad Astra: The Highest Bidder Part 2,"
Gammon,2025-09-19,,AD$D2ePbP Lords of Darkness Wk10; 1HR
Gammon,2025-09-21,3,Roots of Evil Part 2
divot,2025-09-22,,Chronicles of Darkness: Tussle at Tide Pool Tavern part 2; 1 hour
Varvatos,2025-09-23,3,Out of the Abyss (Session Seventy-Two
Gammon,2025-09-26,,Lords of Darkness WK11: 1HR
Gammon,2025-09-28,2,DCE12-The Fall of Tarsis
DigitalMatt,2025-10-02,3,DDHC-DD-01 Death at Sunset
Gammon,2025-10-05,3.5,Roots of Evil Part Three
sterling,2025-10-06,3,"Happy Jack's Funhouse Part 1, 3 hrs"
Matrix,2025-10-04,5,and 20205-10-10   DDAL05-14  Reeducation
Gammon,2025-10-09,2,DCE12 Fall of Tarsis
